goodreads.ID,barnes_and_nobles.ID
0,409
2,2541
8,1431
11,100
13,1152
22,192
26,1280
27,3307
28,356
33,586
955,633
37,633
38,315
39,1967
48,2324
53,3516
55,128
57,1605
57,2221
61,692
61,3609
63,949
884,949
67,290
1975,3513
1975,1130
1975,2775
1975,1777
1975,1368
1975,3477
1975,1424
1975,2665
1975,3562
1975,1400
1975,2809
1975,2104
1975,3236
1975,42
1975,3298
1975,2149
1975,2170
1975,698
1975,3042
1975,623
1975,1524
1975,713
1975,1242
1975,82
1975,1345
1975,545
1975,620
1975,85
1975,1009
1975,1767
1975,2155
1975,1384
1975,2442
1975,3035
441,3513
441,1130
441,2775
441,1777
441,1368
441,3477
441,1424
441,2665
441,3562
441,1400
441,2809
441,2104
441,3236
441,42
441,3298
441,2149
441,2170
441,698
441,3042
441,623
441,1524
441,713
441,1242
441,82
441,1345
441,545
441,620
441,85
441,1009
441,1767
441,2155
441,1384
441,2442
441,3035
1055,3513
1055,1130
1055,2775
1055,1777
1055,1368
1055,3477
1055,1424
1055,2665
1055,3562
1055,1400
1055,2809
1055,2104
1055,3236
1055,42
1055,3298
1055,2149
1055,2170
1055,698
1055,3042
1055,623
1055,1524
1055,713
1055,1242
1055,82
1055,1345
1055,545
1055,620
1055,85
1055,1009
1055,1767
1055,2155
1055,1384
1055,2442
1055,3035
1974,3513
1974,1130
1974,2775
1974,1777
1974,1368
1974,3477
1974,1424
1974,2665
1974,3562
1974,1400
1974,2809
1974,2104
1974,3236
1974,42
1974,3298
1974,2149
1974,2170
1974,698
1974,3042
1974,623
1974,1524
1974,713
1974,1242
1974,82
1974,1345
1974,545
1974,620
1974,85
1974,1009
1974,1767
1974,2155
1974,1384
1974,2442
1974,3035
3538,3513
3538,1130
3538,2775
3538,1777
3538,1368
3538,3477
3538,1424
3538,2665
3538,3562
3538,1400
3538,2809
3538,2104
3538,3236
3538,42
3538,3298
3538,2149
3538,2170
3538,698
3538,3042
3538,623
3538,1524
3538,713
3538,1242
3538,82
3538,1345
3538,545
3538,620
3538,85
3538,1009
3538,1767
3538,2155
3538,1384
3538,2442
3538,3035
1946,3513
1946,1130
1946,2775
1946,1777
1946,1368
1946,3477
1946,1424
1946,2665
1946,3562
1946,1400
1946,2809
1946,2104
1946,3236
1946,42
1946,3298
1946,2149
1946,2170
1946,698
1946,3042
1946,623
1946,1524
1946,713
1946,1242
1946,82
1946,1345
1946,545
1946,620
1946,85
1946,1009
1946,1767
1946,2155
1946,1384
1946,2442
1946,3035
1962,3513
1962,1130
1962,2775
1962,1777
1962,1368
1962,3477
1962,1424
1962,2665
1962,3562
1962,1400
1962,2809
1962,2104
1962,3236
1962,42
1962,3298
1962,2149
1962,2170
1962,698
1962,3042
1962,623
1962,1524
1962,713
1962,1242
1962,82
1962,1345
1962,545
1962,620
1962,85
1962,1009
1962,1767
1962,2155
1962,1384
1962,2442
1962,3035
3893,3513
3893,1130
3893,2775
3893,1777
3893,1368
3893,3477
3893,1424
3893,2665
3893,3562
3893,1400
3893,2809
3893,2104
3893,3236
3893,42
3893,3298
3893,2149
3893,2170
3893,698
3893,3042
3893,623
3893,1524
3893,713
3893,1242
3893,82
3893,1345
3893,545
3893,620
3893,85
3893,1009
3893,1767
3893,2155
3893,1384
3893,2442
3893,3035
1958,3513
1958,1130
1958,2775
1958,1777
1958,1368
1958,3477
1958,1424
1958,2665
1958,3562
1958,1400
1958,2809
1958,2104
1958,3236
1958,42
1958,3298
1958,2149
1958,2170
1958,698
1958,3042
1958,623
1958,1524
1958,713
1958,1242
1958,82
1958,1345
1958,545
1958,620
1958,85
1958,1009
1958,1767
1958,2155
1958,1384
1958,2442
1958,3035
1972,3513
1972,1130
1972,2775
1972,1777
1972,1368
1972,3477
1972,1424
1972,2665
1972,3562
1972,1400
1972,2809
1972,2104
1972,3236
1972,42
1972,3298
1972,2149
1972,2170
1972,698
1972,3042
1972,623
1972,1524
1972,713
1972,1242
1972,82
1972,1345
1972,545
1972,620
1972,85
1972,1009
1972,1767
1972,2155
1972,1384
1972,2442
1972,3035
1968,3513
1968,1130
1968,2775
1968,1777
1968,1368
1968,3477
1968,1424
1968,2665
1968,3562
1968,1400
1968,2809
1968,2104
1968,3236
1968,42
1968,3298
1968,2149
1968,2170
1968,698
1968,3042
1968,623
1968,1524
1968,713
1968,1242
1968,82
1968,1345
1968,545
1968,620
1968,85
1968,1009
1968,1767
1968,2155
1968,1384
1968,2442
1968,3035
329,3513
329,1130
329,2775
329,1777
329,1368
329,3477
329,1424
329,2665
329,3562
329,1400
329,2809
329,2104
329,3236
329,42
329,3298
329,2149
329,2170
329,698
329,3042
329,623
329,1524
329,713
329,1242
329,82
329,1345
329,545
329,620
329,85
329,1009
329,1767
329,2155
329,1384
329,2442
329,3035
1976,3513
1976,1130
1976,2775
1976,1777
1976,1368
1976,3477
1976,1424
1976,2665
1976,3562
1976,1400
1976,2809
1976,2104
1976,3236
1976,42
1976,3298
1976,2149
1976,2170
1976,698
1976,3042
1976,623
1976,1524
1976,713
1976,1242
1976,82
1976,1345
1976,545
1976,620
1976,85
1976,1009
1976,1767
1976,2155
1976,1384
1976,2442
1976,3035
1069,3513
1069,1130
1069,2775
1069,1777
1069,1368
1069,3477
1069,1424
1069,2665
1069,3562
1069,1400
1069,2809
1069,2104
1069,3236
1069,42
1069,3298
1069,2149
1069,2170
1069,698
1069,3042
1069,623
1069,1524
1069,713
1069,1242
1069,82
1069,1345
1069,545
1069,620
1069,85
1069,1009
1069,1767
1069,2155
1069,1384
1069,2442
1069,3035
694,3513
694,1130
694,2775
694,1777
694,1368
694,3477
694,1424
694,2665
694,3562
694,1400
694,2809
694,2104
694,3236
694,42
694,3298
694,2149
694,2170
694,698
694,3042
694,623
694,1524
694,713
694,1242
694,82
694,1345
694,545
694,620
694,85
694,1009
694,1767
694,2155
694,1384
694,2442
694,3035
1959,3513
1959,1130
1959,2775
1959,1777
1959,1368
1959,3477
1959,1424
1959,2665
1959,3562
1959,1400
1959,2809
1959,2104
1959,3236
1959,42
1959,3298
1959,2149
1959,2170
1959,698
1959,3042
1959,623
1959,1524
1959,713
1959,1242
1959,82
1959,1345
1959,545
1959,620
1959,85
1959,1009
1959,1767
1959,2155
1959,1384
1959,2442
1959,3035
1983,3513
1983,1130
1983,2775
1983,1777
1983,1368
1983,3477
1983,1424
1983,2665
1983,3562
1983,1400
1983,2809
1983,2104
1983,3236
1983,42
1983,3298
1983,2149
1983,2170
1983,698
1983,3042
1983,623
1983,1524
1983,713
1983,1242
1983,82
1983,1345
1983,545
1983,620
1983,85
1983,1009
1983,1767
1983,2155
1983,1384
1983,2442
1983,3035
1973,3513
1973,1130
1973,2775
1973,1777
1973,1368
1973,3477
1973,1424
1973,2665
1973,3562
1973,1400
1973,2809
1973,2104
1973,3236
1973,42
1973,3298
1973,2149
1973,2170
1973,698
1973,3042
1973,623
1973,1524
1973,713
1973,1242
1973,82
1973,1345
1973,545
1973,620
1973,85
1973,1009
1973,1767
1973,2155
1973,1384
1973,2442
1973,3035
1960,3513
1960,1130
1960,2775
1960,1777
1960,1368
1960,3477
1960,1424
1960,2665
1960,3562
1960,1400
1960,2809
1960,2104
1960,3236
1960,42
1960,3298
1960,2149
1960,2170
1960,698
1960,3042
1960,623
1960,1524
1960,713
1960,1242
1960,82
1960,1345
1960,545
1960,620
1960,85
1960,1009
1960,1767
1960,2155
1960,1384
1960,2442
1960,3035
2540,3513
2540,1130
2540,2775
2540,1777
2540,1368
2540,3477
2540,1424
2540,2665
2540,3562
2540,1400
2540,2809
2540,2104
2540,3236
2540,42
2540,3298
2540,2149
2540,2170
2540,698
2540,3042
2540,623
2540,1524
2540,713
2540,1242
2540,82
2540,1345
2540,545
2540,620
2540,85
2540,1009
2540,1767
2540,2155
2540,1384
2540,2442
2540,3035
1942,3513
1942,1130
1942,2775
1942,1777
1942,1368
1942,3477
1942,1424
1942,2665
1942,3562
1942,1400
1942,2809
1942,2104
1942,3236
1942,42
1942,3298
1942,2149
1942,2170
1942,698
1942,3042
1942,623
1942,1524
1942,713
1942,1242
1942,82
1942,1345
1942,545
1942,620
1942,85
1942,1009
1942,1767
1942,2155
1942,1384
1942,2442
1942,3035
187,3513
187,1130
187,2775
187,1777
187,1368
187,3477
187,1424
187,2665
187,3562
187,1400
187,2809
187,2104
187,3236
187,42
187,3298
187,2149
187,2170
187,698
187,3042
187,623
187,1524
187,713
187,1242
187,82
187,1345
187,545
187,620
187,85
187,1009
187,1767
187,2155
187,1384
187,2442
187,3035
1067,3513
1067,1130
1067,2775
1067,1777
1067,1368
1067,3477
1067,1424
1067,2665
1067,3562
1067,1400
1067,2809
1067,2104
1067,3236
1067,42
1067,3298
1067,2149
1067,2170
1067,698
1067,3042
1067,623
1067,1524
1067,713
1067,1242
1067,82
1067,1345
1067,545
1067,620
1067,85
1067,1009
1067,1767
1067,2155
1067,1384
1067,2442
1067,3035
1985,3513
1985,1130
1985,2775
1985,1777
1985,1368
1985,3477
1985,1424
1985,2665
1985,3562
1985,1400
1985,2809
1985,2104
1985,3236
1985,42
1985,3298
1985,2149
1985,2170
1985,698
1985,3042
1985,623
1985,1524
1985,713
1985,1242
1985,82
1985,1345
1985,545
1985,620
1985,85
1985,1009
1985,1767
1985,2155
1985,1384
1985,2442
1985,3035
444,3513
444,1130
444,2775
444,1777
444,1368
444,3477
444,1424
444,2665
444,3562
444,1400
444,2809
444,2104
444,3236
444,42
444,3298
444,2149
444,2170
444,698
444,3042
444,623
444,1524
444,713
444,1242
444,82
444,1345
444,545
444,620
444,85
444,1009
444,1767
444,2155
444,1384
444,2442
444,3035
1988,3513
1988,1130
1988,2775
1988,1777
1988,1368
1988,3477
1988,1424
1988,2665
1988,3562
1988,1400
1988,2809
1988,2104
1988,3236
1988,42
1988,3298
1988,2149
1988,2170
1988,698
1988,3042
1988,623
1988,1524
1988,713
1988,1242
1988,82
1988,1345
1988,545
1988,620
1988,85
1988,1009
1988,1767
1988,2155
1988,1384
1988,2442
1988,3035
1982,3513
1982,1130
1982,2775
1982,1777
1982,1368
1982,3477
1982,1424
1982,2665
1982,3562
1982,1400
1982,2809
1982,2104
1982,3236
1982,42
1982,3298
1982,2149
1982,2170
1982,698
1982,3042
1982,623
1982,1524
1982,713
1982,1242
1982,82
1982,1345
1982,545
1982,620
1982,85
1982,1009
1982,1767
1982,2155
1982,1384
1982,2442
1982,3035
1971,3513
1971,1130
1971,2775
1971,1777
1971,1368
1971,3477
1971,1424
1971,2665
1971,3562
1971,1400
1971,2809
1971,2104
1971,3236
1971,42
1971,3298
1971,2149
1971,2170
1971,698
1971,3042
1971,623
1971,1524
1971,713
1971,1242
1971,82
1971,1345
1971,545
1971,620
1971,85
1971,1009
1971,1767
1971,2155
1971,1384
1971,2442
1971,3035
156,3513
156,1130
156,2775
156,1777
156,1368
156,3477
156,1424
156,2665
156,3562
156,1400
156,2809
156,2104
156,3236
156,42
156,3298
156,2149
156,2170
156,698
156,3042
156,623
156,1524
156,713
156,1242
156,82
156,1345
156,545
156,620
156,85
156,1009
156,1767
156,2155
156,1384
156,2442
156,3035
3460,3513
3460,1130
3460,2775
3460,1777
3460,1368
3460,3477
3460,1424
3460,2665
3460,3562
3460,1400
3460,2809
3460,2104
3460,3236
3460,42
3460,3298
3460,2149
3460,2170
3460,698
3460,3042
3460,623
3460,1524
3460,713
3460,1242
3460,82
3460,1345
3460,545
3460,620
3460,85
3460,1009
3460,1767
3460,2155
3460,1384
3460,2442
3460,3035
3492,3513
3492,1130
3492,2775
3492,1777
3492,1368
3492,3477
3492,1424
3492,2665
3492,3562
3492,1400
3492,2809
3492,2104
3492,3236
3492,42
3492,3298
3492,2149
3492,2170
3492,698
3492,3042
3492,623
3492,1524
3492,713
3492,1242
3492,82
3492,1345
3492,545
3492,620
3492,85
3492,1009
3492,1767
3492,2155
3492,1384
3492,2442
3492,3035
1060,3513
1060,1130
1060,2775
1060,1777
1060,1368
1060,3477
1060,1424
1060,2665
1060,3562
1060,1400
1060,2809
1060,2104
1060,3236
1060,42
1060,3298
1060,2149
1060,2170
1060,698
1060,3042
1060,623
1060,1524
1060,713
1060,1242
1060,82
1060,1345
1060,545
1060,620
1060,85
1060,1009
1060,1767
1060,2155
1060,1384
1060,2442
1060,3035
692,3513
692,1130
692,2775
692,1777
692,1368
692,3477
692,1424
692,2665
692,3562
692,1400
692,2809
692,2104
692,3236
692,42
692,3298
692,2149
692,2170
692,698
692,3042
692,623
692,1524
692,713
692,1242
692,82
692,1345
692,545
692,620
692,85
692,1009
692,1767
692,2155
692,1384
692,2442
692,3035
281,3513
281,1130
281,2775
281,1777
281,1368
281,3477
281,1424
281,2665
281,3562
281,1400
281,2809
281,2104
281,3236
281,42
281,3298
281,2149
281,2170
281,698
281,3042
281,623
281,1524
281,713
281,1242
281,82
281,1345
281,545
281,620
281,85
281,1009
281,1767
281,2155
281,1384
281,2442
281,3035
442,3513
442,1130
442,2775
442,1777
442,1368
442,3477
442,1424
442,2665
442,3562
442,1400
442,2809
442,2104
442,3236
442,42
442,3298
442,2149
442,2170
442,698
442,3042
442,623
442,1524
442,713
442,1242
442,82
442,1345
442,545
442,620
442,85
442,1009
442,1767
442,2155
442,1384
442,2442
442,3035
1964,3513
1964,1130
1964,2775
1964,1777
1964,1368
1964,3477
1964,1424
1964,2665
1964,3562
1964,1400
1964,2809
1964,2104
1964,3236
1964,42
1964,3298
1964,2149
1964,2170
1964,698
1964,3042
1964,623
1964,1524
1964,713
1964,1242
1964,82
1964,1345
1964,545
1964,620
1964,85
1964,1009
1964,1767
1964,2155
1964,1384
1964,2442
1964,3035
1048,3513
1048,1130
1048,2775
1048,1777
1048,1368
1048,3477
1048,1424
1048,2665
1048,3562
1048,1400
1048,2809
1048,2104
1048,3236
1048,42
1048,3298
1048,2149
1048,2170
1048,698
1048,3042
1048,623
1048,1524
1048,713
1048,1242
1048,82
1048,1345
1048,545
1048,620
1048,85
1048,1009
1048,1767
1048,2155
1048,1384
1048,2442
1048,3035
3368,3513
3368,1130
3368,2775
3368,1777
3368,1368
3368,3477
3368,1424
3368,2665
3368,3562
3368,1400
3368,2809
3368,2104
3368,3236
3368,42
3368,3298
3368,2149
3368,2170
3368,698
3368,3042
3368,623
3368,1524
3368,713
3368,1242
3368,82
3368,1345
3368,545
3368,620
3368,85
3368,1009
3368,1767
3368,2155
3368,1384
3368,2442
3368,3035
3523,3513
3523,1130
3523,2775
3523,1777
3523,1368
3523,3477
3523,1424
3523,2665
3523,3562
3523,1400
3523,2809
3523,2104
3523,3236
3523,42
3523,3298
3523,2149
3523,2170
3523,698
3523,3042
3523,623
3523,1524
3523,713
3523,1242
3523,82
3523,1345
3523,545
3523,620
3523,85
3523,1009
3523,1767
3523,2155
3523,1384
3523,2442
3523,3035
1987,3513
1987,1130
1987,2775
1987,1777
1987,1368
1987,3477
1987,1424
1987,2665
1987,3562
1987,1400
1987,2809
1987,2104
1987,3236
1987,42
1987,3298
1987,2149
1987,2170
1987,698
1987,3042
1987,623
1987,1524
1987,713
1987,1242
1987,82
1987,1345
1987,545
1987,620
1987,85
1987,1009
1987,1767
1987,2155
1987,1384
1987,2442
1987,3035
2771,3513
2771,1130
2771,2775
2771,1777
2771,1368
2771,3477
2771,1424
2771,2665
2771,3562
2771,1400
2771,2809
2771,2104
2771,3236
2771,42
2771,3298
2771,2149
2771,2170
2771,698
2771,3042
2771,623
2771,1524
2771,713
2771,1242
2771,82
2771,1345
2771,545
2771,620
2771,85
2771,1009
2771,1767
2771,2155
2771,1384
2771,2442
2771,3035
1966,3513
1966,1130
1966,2775
1966,1777
1966,1368
1966,3477
1966,1424
1966,2665
1966,3562
1966,1400
1966,2809
1966,2104
1966,3236
1966,42
1966,3298
1966,2149
1966,2170
1966,698
1966,3042
1966,623
1966,1524
1966,713
1966,1242
1966,82
1966,1345
1966,545
1966,620
1966,85
1966,1009
1966,1767
1966,2155
1966,1384
1966,2442
1966,3035
693,3513
693,1130
693,2775
693,1777
693,1368
693,3477
693,1424
693,2665
693,3562
693,1400
693,2809
693,2104
693,3236
693,42
693,3298
693,2149
693,2170
693,698
693,3042
693,623
693,1524
693,713
693,1242
693,82
693,1345
693,545
693,620
693,85
693,1009
693,1767
693,2155
693,1384
693,2442
693,3035
1070,3513
1070,1130
1070,2775
1070,1777
1070,1368
1070,3477
1070,1424
1070,2665
1070,3562
1070,1400
1070,2809
1070,2104
1070,3236
1070,42
1070,3298
1070,2149
1070,2170
1070,698
1070,3042
1070,623
1070,1524
1070,713
1070,1242
1070,82
1070,1345
1070,545
1070,620
1070,85
1070,1009
1070,1767
1070,2155
1070,1384
1070,2442
1070,3035
1071,3513
1071,1130
1071,2775
1071,1777
1071,1368
1071,3477
1071,1424
1071,2665
1071,3562
1071,1400
1071,2809
1071,2104
1071,3236
1071,42
1071,3298
1071,2149
1071,2170
1071,698
1071,3042
1071,623
1071,1524
1071,713
1071,1242
1071,82
1071,1345
1071,545
1071,620
1071,85
1071,1009
1071,1767
1071,2155
1071,1384
1071,2442
1071,3035
396,3513
396,1130
396,2775
396,1777
396,1368
396,3477
396,1424
396,2665
396,3562
396,1400
396,2809
396,2104
396,3236
396,42
396,3298
396,2149
396,2170
396,698
396,3042
396,623
396,1524
396,713
396,1242
396,82
396,1345
396,545
396,620
396,85
396,1009
396,1767
396,2155
396,1384
396,2442
396,3035
1053,3513
1053,1130
1053,2775
1053,1777
1053,1368
1053,3477
1053,1424
1053,2665
1053,3562
1053,1400
1053,2809
1053,2104
1053,3236
1053,42
1053,3298
1053,2149
1053,2170
1053,698
1053,3042
1053,623
1053,1524
1053,713
1053,1242
1053,82
1053,1345
1053,545
1053,620
1053,85
1053,1009
1053,1767
1053,2155
1053,1384
1053,2442
1053,3035
443,3513
443,1130
443,2775
443,1777
443,1368
443,3477
443,1424
443,2665
443,3562
443,1400
443,2809
443,2104
443,3236
443,42
443,3298
443,2149
443,2170
443,698
443,3042
443,623
443,1524
443,713
443,1242
443,82
443,1345
443,545
443,620
443,85
443,1009
443,1767
443,2155
443,1384
443,2442
443,3035
68,3513
68,1130
68,2775
68,1777
68,1368
68,3477
68,1424
68,2665
68,3562
68,1400
68,2809
68,2104
68,3236
68,42
68,3298
68,2149
68,2170
68,698
68,3042
68,623
68,1524
68,713
68,1242
68,82
68,1345
68,545
68,620
68,85
68,1009
68,1767
68,2155
68,1384
68,2442
68,3035
69,3513
69,1130
69,2775
69,1777
69,1368
69,3477
69,1424
69,2665
69,3562
69,1400
69,2809
69,2104
69,3236
69,42
69,3298
69,2149
69,2170
69,698
69,3042
69,623
69,1524
69,713
69,1242
69,82
69,1345
69,545
69,620
69,85
69,1009
69,1767
69,2155
69,1384
69,2442
69,3035
1965,3513
1965,1130
1965,2775
1965,1777
1965,1368
1965,3477
1965,1424
1965,2665
1965,3562
1965,1400
1965,2809
1965,2104
1965,3236
1965,42
1965,3298
1965,2149
1965,2170
1965,698
1965,3042
1965,623
1965,1524
1965,713
1965,1242
1965,82
1965,1345
1965,545
1965,620
1965,85
1965,1009
1965,1767
1965,2155
1965,1384
1965,2442
1965,3035
1948,3513
1948,1130
1948,2775
1948,1777
1948,1368
1948,3477
1948,1424
1948,2665
1948,3562
1948,1400
1948,2809
1948,2104
1948,3236
1948,42
1948,3298
1948,2149
1948,2170
1948,698
1948,3042
1948,623
1948,1524
1948,713
1948,1242
1948,82
1948,1345
1948,545
1948,620
1948,85
1948,1009
1948,1767
1948,2155
1948,1384
1948,2442
1948,3035
1950,3513
1950,1130
1950,2775
1950,1777
1950,1368
1950,3477
1950,1424
1950,2665
1950,3562
1950,1400
1950,2809
1950,2104
1950,3236
1950,42
1950,3298
1950,2149
1950,2170
1950,698
1950,3042
1950,623
1950,1524
1950,713
1950,1242
1950,82
1950,1345
1950,545
1950,620
1950,85
1950,1009
1950,1767
1950,2155
1950,1384
1950,2442
1950,3035
697,3513
697,1130
697,2775
697,1777
697,1368
697,3477
697,1424
697,2665
697,3562
697,1400
697,2809
697,2104
697,3236
697,42
697,3298
697,2149
697,2170
697,698
697,3042
697,623
697,1524
697,713
697,1242
697,82
697,1345
697,545
697,620
697,85
697,1009
697,1767
697,2155
697,1384
697,2442
697,3035
3895,3513
3895,1130
3895,2775
3895,1777
3895,1368
3895,3477
3895,1424
3895,2665
3895,3562
3895,1400
3895,2809
3895,2104
3895,3236
3895,42
3895,3298
3895,2149
3895,2170
3895,698
3895,3042
3895,623
3895,1524
3895,713
3895,1242
3895,82
3895,1345
3895,545
3895,620
3895,85
3895,1009
3895,1767
3895,2155
3895,1384
3895,2442
3895,3035
70,3513
70,1130
70,2775
70,1777
70,1368
70,3477
70,1424
70,2665
70,3562
70,1400
70,2809
70,2104
70,3236
70,42
70,3298
70,2149
70,2170
70,698
70,3042
70,623
70,1524
70,713
70,1242
70,82
70,1345
70,545
70,620
70,85
70,1009
70,1767
70,2155
70,1384
70,2442
70,3035
1058,3513
1058,1130
1058,2775
1058,1777
1058,1368
1058,3477
1058,1424
1058,2665
1058,3562
1058,1400
1058,2809
1058,2104
1058,3236
1058,42
1058,3298
1058,2149
1058,2170
1058,698
1058,3042
1058,623
1058,1524
1058,713
1058,1242
1058,82
1058,1345
1058,545
1058,620
1058,85
1058,1009
1058,1767
1058,2155
1058,1384
1058,2442
1058,3035
1957,3513
1957,1130
1957,2775
1957,1777
1957,1368
1957,3477
1957,1424
1957,2665
1957,3562
1957,1400
1957,2809
1957,2104
1957,3236
1957,42
1957,3298
1957,2149
1957,2170
1957,698
1957,3042
1957,623
1957,1524
1957,713
1957,1242
1957,82
1957,1345
1957,545
1957,620
1957,85
1957,1009
1957,1767
1957,2155
1957,1384
1957,2442
1957,3035
157,3513
157,1130
157,2775
157,1777
157,1368
157,3477
157,1424
157,2665
157,3562
157,1400
157,2809
157,2104
157,3236
157,42
157,3298
157,2149
157,2170
157,698
157,3042
157,623
157,1524
157,713
157,1242
157,82
157,1345
157,545
157,620
157,85
157,1009
157,1767
157,2155
157,1384
157,2442
157,3035
1059,3513
1059,1130
1059,2775
1059,1777
1059,1368
1059,3477
1059,1424
1059,2665
1059,3562
1059,1400
1059,2809
1059,2104
1059,3236
1059,42
1059,3298
1059,2149
1059,2170
1059,698
1059,3042
1059,623
1059,1524
1059,713
1059,1242
1059,82
1059,1345
1059,545
1059,620
1059,85
1059,1009
1059,1767
1059,2155
1059,1384
1059,2442
1059,3035
1963,3513
1963,1130
1963,2775
1963,1777
1963,1368
1963,3477
1963,1424
1963,2665
1963,3562
1963,1400
1963,2809
1963,2104
1963,3236
1963,42
1963,3298
1963,2149
1963,2170
1963,698
1963,3042
1963,623
1963,1524
1963,713
1963,1242
1963,82
1963,1345
1963,545
1963,620
1963,85
1963,1009
1963,1767
1963,2155
1963,1384
1963,2442
1963,3035
2317,3513
2317,1130
2317,2775
2317,1777
2317,1368
2317,3477
2317,1424
2317,2665
2317,3562
2317,1400
2317,2809
2317,2104
2317,3236
2317,42
2317,3298
2317,2149
2317,2170
2317,698
2317,3042
2317,623
2317,1524
2317,713
2317,1242
2317,82
2317,1345
2317,545
2317,620
2317,85
2317,1009
2317,1767
2317,2155
2317,1384
2317,2442
2317,3035
1052,3513
1052,1130
1052,2775
1052,1777
1052,1368
1052,3477
1052,1424
1052,2665
1052,3562
1052,1400
1052,2809
1052,2104
1052,3236
1052,42
1052,3298
1052,2149
1052,2170
1052,698
1052,3042
1052,623
1052,1524
1052,713
1052,1242
1052,82
1052,1345
1052,545
1052,620
1052,85
1052,1009
1052,1767
1052,2155
1052,1384
1052,2442
1052,3035
1877,3513
1877,1130
1877,2775
1877,1777
1877,1368
1877,3477
1877,1424
1877,2665
1877,3562
1877,1400
1877,2809
1877,2104
1877,3236
1877,42
1877,3298
1877,2149
1877,2170
1877,698
1877,3042
1877,623
1877,1524
1877,713
1877,1242
1877,82
1877,1345
1877,545
1877,620
1877,85
1877,1009
1877,1767
1877,2155
1877,1384
1877,2442
1877,3035
1947,3513
1947,1130
1947,2775
1947,1777
1947,1368
1947,3477
1947,1424
1947,2665
1947,3562
1947,1400
1947,2809
1947,2104
1947,3236
1947,42
1947,3298
1947,2149
1947,2170
1947,698
1947,3042
1947,623
1947,1524
1947,713
1947,1242
1947,82
1947,1345
1947,545
1947,620
1947,85
1947,1009
1947,1767
1947,2155
1947,1384
1947,2442
1947,3035
1944,3513
1944,1130
1944,2775
1944,1777
1944,1368
1944,3477
1944,1424
1944,2665
1944,3562
1944,1400
1944,2809
1944,2104
1944,3236
1944,42
1944,3298
1944,2149
1944,2170
1944,698
1944,3042
1944,623
1944,1524
1944,713
1944,1242
1944,82
1944,1345
1944,545
1944,620
1944,85
1944,1009
1944,1767
1944,2155
1944,1384
1944,2442
1944,3035
1835,3513
1835,1130
1835,2775
1835,1777
1835,1368
1835,3477
1835,1424
1835,2665
1835,3562
1835,1400
1835,2809
1835,2104
1835,3236
1835,42
1835,3298
1835,2149
1835,2170
1835,698
1835,3042
1835,623
1835,1524
1835,713
1835,1242
1835,82
1835,1345
1835,545
1835,620
1835,85
1835,1009
1835,1767
1835,2155
1835,1384
1835,2442
1835,3035
71,511
72,1287
79,1120
83,2534
86,464
93,499
99,76
100,2340
101,190
104,418
108,940
110,116
111,3662
113,63
116,1174
119,855
2544,2092
2575,2092
120,2092
125,1300
824,1061
824,2817
824,1044
824,1362
824,79
3628,1061
3628,2817
3628,1044
3628,1362
3628,79
3810,1061
3810,2817
3810,1044
3810,1362
3810,79
1603,1061
1603,2817
1603,1044
1603,1362
1603,79
2258,1061
2258,2817
2258,1044
2258,1362
2258,79
134,1061
134,2817
134,1044
134,1362
134,79
379,1061
379,2817
379,1044
379,1362
379,79
143,274
149,831
153,2965
158,1553
158,2925
158,573
158,2715
158,390
1969,1553
1969,2925
1969,573
1969,2715
1969,390
1050,1553
1050,2925
1050,573
1050,2715
1050,390
3337,1553
3337,2925
3337,573
3337,2715
3337,390
3343,1553
3343,2925
3343,573
3343,2715
3343,390
3894,1553
3894,2925
3894,573
3894,2715
3894,390
3395,1553
3395,2925
3395,573
3395,2715
3395,390
3662,1553
3662,2925
3662,573
3662,2715
3662,390
1681,1553
1681,2925
1681,573
1681,2715
1681,390
1961,1553
1961,2925
1961,573
1961,2715
1961,390
1954,1553
1954,2925
1954,573
1954,2715
1954,390
1951,1553
1951,2925
1951,573
1951,2715
1951,390
1991,1553
1991,2925
1991,573
1991,2715
1991,390
3602,1553
3602,2925
3602,573
3602,2715
3602,390
3521,1553
3521,2925
3521,573
3521,2715
3521,390
161,727
174,1269
176,31
176,287
2188,2035
2188,556
182,2035
182,556
185,1778
186,1112
195,18
198,43
199,514
200,514
209,724
213,93
1271,2934
216,2934
219,3450
1308,3450
220,11
221,1026
224,2293
228,2345
229,619
230,354
231,3036
2494,951
2494,281
2494,2253
244,951
244,281
244,2253
246,1098
249,3243
251,3087
252,1456
253,196
262,2254
263,357
264,15
271,823
275,1699
277,245
3386,1333
3386,880
3386,1405
3386,62
3386,1466
3386,1851
3386,1513
3386,1543
3386,1754
3386,2526
3386,3592
1953,1333
1953,880
1953,1405
1953,62
1953,1466
1953,1851
1953,1513
1953,1543
1953,1754
1953,2526
1953,3592
1955,1333
1955,880
1955,1405
1955,62
1955,1466
1955,1851
1955,1513
1955,1543
1955,1754
1955,2526
1955,3592
1056,1333
1056,880
1056,1405
1056,62
1056,1466
1056,1851
1056,1513
1056,1543
1056,1754
1056,2526
1056,3592
1980,1333
1980,880
1980,1405
1980,62
1980,1466
1980,1851
1980,1513
1980,1543
1980,1754
1980,2526
1980,3592
1984,1333
1984,880
1984,1405
1984,62
1984,1466
1984,1851
1984,1513
1984,1543
1984,1754
1984,2526
1984,3592
1061,1333
1061,880
1061,1405
1061,62
1061,1466
1061,1851
1061,1513
1061,1543
1061,1754
1061,2526
1061,3592
1943,1333
1943,880
1943,1405
1943,62
1943,1466
1943,1851
1943,1513
1943,1543
1943,1754
1943,2526
1943,3592
1062,1333
1062,880
1062,1405
1062,62
1062,1466
1062,1851
1062,1513
1062,1543
1062,1754
1062,2526
1062,3592
280,1333
280,880
280,1405
280,62
280,1466
280,1851
280,1513
280,1543
280,1754
280,2526
280,3592
1516,1333
1516,880
1516,1405
1516,62
1516,1466
1516,1851
1516,1513
1516,1543
1516,1754
1516,2526
1516,3592
374,1333
374,880
374,1405
374,62
374,1466
374,1851
374,1513
374,1543
374,1754
374,2526
374,3592
695,1333
695,880
695,1405
695,62
695,1466
695,1851
695,1513
695,1543
695,1754
695,2526
695,3592
3785,1333
3785,880
3785,1405
3785,62
3785,1466
3785,1851
3785,1513
3785,1543
3785,1754
3785,2526
3785,3592
3622,1333
3622,880
3622,1405
3622,62
3622,1466
3622,1851
3622,1513
3622,1543
3622,1754
3622,2526
3622,3592
2405,1333
2405,880
2405,1405
2405,62
2405,1466
2405,1851
2405,1513
2405,1543
2405,1754
2405,2526
2405,3592
1981,1333
1981,880
1981,1405
1981,62
1981,1466
1981,1851
1981,1513
1981,1543
1981,1754
1981,2526
1981,3592
1990,1333
1990,880
1990,1405
1990,62
1990,1466
1990,1851
1990,1513
1990,1543
1990,1754
1990,2526
1990,3592
1051,1333
1051,880
1051,1405
1051,62
1051,1466
1051,1851
1051,1513
1051,1543
1051,1754
1051,2526
1051,3592
283,1333
283,880
283,1405
283,62
283,1466
283,1851
283,1513
283,1543
283,1754
283,2526
283,3592
2361,1333
2361,880
2361,1405
2361,62
2361,1466
2361,1851
2361,1513
2361,1543
2361,1754
2361,2526
2361,3592
1952,1333
1952,880
1952,1405
1952,62
1952,1466
1952,1851
1952,1513
1952,1543
1952,1754
1952,2526
1952,3592
1986,1333
1986,880
1986,1405
1986,62
1986,1466
1986,1851
1986,1513
1986,1543
1986,1754
1986,2526
1986,3592
1979,1333
1979,880
1979,1405
1979,62
1979,1466
1979,1851
1979,1513
1979,1543
1979,1754
1979,2526
1979,3592
1977,1333
1977,880
1977,1405
1977,62
1977,1466
1977,1851
1977,1513
1977,1543
1977,1754
1977,2526
1977,3592
1063,1333
1063,880
1063,1405
1063,62
1063,1466
1063,1851
1063,1513
1063,1543
1063,1754
1063,2526
1063,3592
790,1333
790,880
790,1405
790,62
790,1466
790,1851
790,1513
790,1543
790,1754
790,2526
790,3592
3522,1333
3522,880
3522,1405
3522,62
3522,1466
3522,1851
3522,1513
3522,1543
3522,1754
3522,2526
3522,3592
1472,1333
1472,880
1472,1405
1472,62
1472,1466
1472,1851
1472,1513
1472,1543
1472,1754
1472,2526
1472,3592
288,448
1355,655
290,655
306,875
308,213
314,4
314,1363
1120,897
320,897
325,155
326,472
327,2836
330,121
335,487
341,631
347,300
347,941
347,349
347,790
347,2891
347,559
881,300
881,941
881,349
881,790
881,2891
881,559
352,288
353,1994
353,3331
356,3618
359,73
361,1952
361,2897
363,3039
382,381
387,1325
394,1991
394,2236
397,107
398,3161
399,505
409,927
409,860
410,217
411,588
419,170
2892,170
439,1170
448,365
451,512
458,3637
472,3637
467,2180
473,1862
473,2795
473,3323
3739,568
479,568
481,340
484,1070
2502,372
2502,310
2502,1402
485,372
485,310
485,1402
488,774
490,2539
498,3643
499,216
505,671
506,167
514,3081
529,3081
517,920
532,920
3819,920
518,1460
533,1460
521,7
524,1090
534,1090
536,541
526,541
539,188
542,2832
548,3270
546,3270
549,2635
557,979
1641,979
559,2851
563,2851
570,717
577,3470
581,199
584,1568
584,1690
584,2100
592,486
596,2279
614,379
616,3357
621,2222
625,589
625,428
625,841
625,665
630,1557
638,978
640,1551
3611,395
3440,395
648,395
656,3619
3841,857
657,857
659,92
661,78
1400,78
663,1748
664,776
667,2229
668,131
668,182
669,3697
1549,83
670,83
2211,400
678,400
682,400
691,2974
698,414
700,3630
700,1698
702,2177
703,242
705,570
713,581
716,3379
1683,3379
717,1293
717,2982
722,2670
724,1127
730,676
732,407
735,455
745,437
746,102
749,567
749,1977
750,2098
753,109
757,77
761,1487
768,108
774,474
2395,474
775,3145
776,2500
2418,2500
2406,2500
778,1114
779,139
781,364
786,1450
807,89
808,2491
811,1676
812,576
821,674
834,3458
838,705
839,869
840,3377
842,403
844,507
845,889
853,147
863,3537
880,1481
883,2359
889,51
895,593
898,2402
900,417
905,399
905,718
908,84
910,33
910,87
910,3519
911,943
911,10
915,101
916,815
921,1576
922,685
924,3627
941,461
949,1022
952,321
957,2886
3562,2886
962,2412
966,142
3159,35
3505,35
971,35
973,2871
978,2900
980,3456
990,3649
994,2296
996,2564
1000,1245
1004,577
1013,688
1018,3336
2375,3336
1021,254
1031,317
1136,317
1033,1538
1036,2326
1037,2748
1039,124
2672,124
1040,3384
1043,2769
1049,397
1049,1336
1066,397
1066,1336
1057,2270
1057,3059
1057,2909
1057,2663
1057,1246
1057,1426
1064,2270
1064,3059
1064,2909
1064,2663
1064,1246
1064,1426
1970,2270
1970,3059
1970,2909
1970,2663
1970,1246
1970,1426
3396,768
3396,1328
3396,1142
3836,768
3836,1328
3836,1142
3546,768
3546,1328
3546,1142
3601,768
3601,1328
3601,1142
1068,768
1068,1328
1068,1142
1072,3686
1097,3133
1102,2338
2689,2338
1434,2338
1105,878
1107,1084
1108,1077
1109,27
1118,3646
1118,1545
1119,1535
1119,2980
1123,564
1125,3489
1126,1013
1127,3108
1137,2030
1141,732
1142,166
1154,3460
1154,1829
1160,2452
3919,2452
1163,3344
1175,425
1177,2335
1184,2268
1199,2915
1208,2242
1212,918
1214,153
1219,401
1220,1750
1221,906
1223,3196
3907,352
1235,352
1237,1015
1239,3199
1240,1088
1242,1119
1244,477
1255,2973
1246,2973
1252,2133
1272,3127
1274,224
1294,1260
1302,1161
1317,269
1318,2958
1321,2269
1326,249
1327,443
1330,3314
1340,519
1346,2168
1349,2056
1349,2441
1351,173
1358,901
1362,3506
1364,926
1365,766
1371,533
1373,268
1373,136
1387,2363
1387,3650
1388,805
1398,1253
1406,3084
1407,1116
1414,3397
1430,701
1425,701
1436,149
1437,2387
1440,1960
1440,14
1440,1843
1440,710
3781,1960
3781,14
3781,1843
3781,710
1461,495
1467,942
1483,528
1488,2463
1492,3507
1494,244
1501,1270
1502,3337
1505,285
1509,2528
1524,438
1525,426
1541,757
1554,2628
1555,719
1561,987
1562,3065
1572,787
1581,434
1582,209
1593,444
1597,1853
1615,325
1619,239
1645,1915
1648,23
1656,1207
1657,1168
1660,502
1667,828
1668,3413
1668,1619
1783,2424
1689,2424
1692,392
1703,536
1731,476
1733,1458
1736,29
1742,3296
1746,1949
1756,2709
1758,751
1760,962
1764,451
2659,451
1796,791
1776,791
1777,1530
1795,1530
1778,1971
1800,1971
1802,821
1804,1017
1813,2228
1828,257
1818,257
2797,257
1824,590
1831,1062
2238,1062
1841,2357
1850,2352
1854,807
1870,303
2933,303
1872,872
1876,893
1899,3006
1901,740
1917,783
1923,1225
1938,1955
1938,2824
1941,316
1945,187
1997,1654
2012,2013
2119,2013
2126,1504
2018,1504
2019,989
2127,989
2036,1821
2037,459
2073,3469
2051,3469
2055,1109
2059,3205
2081,3205
2066,673
2104,820
3443,820
2121,26
2136,2604
2143,894
2156,2700
2162,1286
2164,3120
2164,3588
2164,1890
2164,1564
2166,1773
2170,148
2173,3319
2194,2417
2195,817
2197,469
2198,1067
2204,482
2208,1578
2226,1093
2243,3348
2244,3072
2250,534
2252,2551
2252,579
2254,3286
2255,809
2257,3278
2273,189
2276,2190
2278,1628
2280,1761
2281,2255
2284,445
2307,2894
2311,842
2313,1598
2321,175
2323,782
2329,3300
2332,947
2350,3601
2350,1442
2353,2786
2354,2760
2355,3569
2358,879
2360,450
2364,609
2365,2263
2371,252
2372,6
2374,3325
2374,1772
2383,729
2401,227
2409,227
2419,689
2424,521
2433,2476
2439,2633
2444,1657
2448,752
2449,529
2452,2156
2454,1801
2457,3483
2460,206
2466,2783
2477,736
2479,736
2486,1087
2483,1087
2485,731
2491,1298
2501,264
2505,832
2509,1783
2695,1783
3723,253
3334,253
2703,253
2517,253
2518,312
2519,2981
2704,2981
2520,132
2706,132
2529,3181
2543,2001
2574,2001
2581,2556
2550,2556
2551,60
2560,3653
2560,1453
2584,304
2599,3308
2606,38
2620,2193
2651,2193
3877,504
2626,504
2657,504
2636,1428
2636,1707
2717,1428
2717,1707
2720,829
2640,829
2660,328
2661,517
2670,2913
2674,3580
2726,931
2733,712
2735,1546
2738,2077
2740,1689
2744,2200
2748,1366
2749,549
2756,1042
2759,1735
2763,103
2764,1936
2772,2745
2778,1158
2783,762
2796,2839
2804,598
2806,1615
2806,2174
2824,2206
2827,2880
2832,3576
2833,3467
2842,1033
2843,3144
2849,1820
2854,916
2856,493
2912,3466
2860,3466
2866,908
2877,1113
2886,1113
2899,935
2909,1724
2914,1129
2917,1766
2921,2659
2926,1411
2929,1251
2930,845
2931,2218
2934,2892
2940,691
2940,276
2950,3370
2961,330
2967,808
2970,1361
2980,178
2991,1421
3021,2403
3029,2344
3046,198
3051,3206
3059,952
3067,2679
3068,47
3075,853
3077,882
3078,1064
3843,96
3083,96
3085,834
3090,954
3101,2712
3101,256
3101,1803
3245,347
3175,347
3104,347
3108,3137
3123,1503
3203,734
3133,734
3134,123
3145,59
3256,760
3186,760
3200,3274
3291,1885
3221,1885
3233,2727
3261,1842
3261,2874
3262,1613
3269,813
3277,2698
3320,1437
3323,478
3324,319
3325,638
3331,1052
3332,1118
3333,2961
3341,491
3344,158
3345,1807
3346,1425
3347,2742
3350,1414
3356,37
3357,970
3362,675
3365,2507
3366,371
3372,1371
3372,587
3373,1311
3375,251
3569,251
3377,1053
3381,765
3382,1815
3387,503
3389,12
3390,2719
3392,1790
3394,480
3400,599
3403,130
3410,843
3419,9
3421,1383
3424,764
3425,1360
3429,1840
3431,508
3432,416
3433,2227
3433,1178
3437,1136
3447,233
3449,127
3451,205
3455,635
3459,449
3461,342
3464,981
3464,3305
3464,3554
3467,585
3477,1065
3478,1122
3479,2791
3482,200
3483,283
3488,138
3491,2579
3495,501
3497,125
3498,1237
3498,112
3501,396
3502,1775
3507,539
3508,1573
3512,663
3514,41
3519,1382
3519,885
3527,2530
3530,1066
3533,677
3534,225
3536,683
3541,442
3548,2545
3549,236
3552,271
3556,788
3560,453
3567,298
3568,583
3570,3273
3571,470
3571,742
3573,995
3574,871
3578,3475
3583,686
3584,1124
3585,3040
3586,622
3592,3426
3593,21
3595,94
3600,513
3605,46
3606,169
3612,1930
3615,228
3615,234
3621,518
3623,803
3624,1364
3624,2248
3625,1126
3627,796
3637,291
3639,2829
3640,301
3650,891
3655,1004
3658,1694
3658,846
3658,2989
3659,52
3664,275
3666,702
3672,704
3676,1045
3677,230
3681,204
3684,485
3685,2857
3686,1169
3690,580
3691,632
3692,75
3693,963
3694,569
3698,684
3704,152
3709,2018
3714,184
3716,3408
3716,1317
3722,998
3729,214
3730,3264
3730,1940
3732,3658
3742,203
3746,186
3747,74
3751,921
3753,697
3753,1647
3753,2233
3755,237
3757,1937
3757,3148
3765,3424
3769,120
3780,259
3783,789
3784,699
3786,263
3789,3438
3790,2865
3803,1048
3808,106
3809,1276
3809,2187
3812,1278
3813,3585
3818,664
3818,3534
3820,2852
3822,2492
3822,261
3824,322
3828,2996
3833,1075
3837,980
3837,1622
3838,57
3842,994
3845,642
3845,984
3846,272
3848,2638
3855,785
3856,1138
3857,157
3862,730
3863,2843
3866,454
3867,143
3870,1255
3871,3166
3876,3020
3879,1102
3881,2135
3885,212
3887,1823
3891,953
3892,849
3897,3078
3901,410
3912,2537
3914,756
3917,56
3923,707
3926,3340
3937,1483
3944,2370
3944,1634
3945,44
3949,657
3953,735
3956,2766
3959,1844
3959,1261
3959,2911
3966,594
827,708
2667,1251
1934,384
1939,3414
1720,862
1709,862
337,1313
3946,3202
1814,299
1814,3526
3039,299
3039,3526
2970,3187
2246,2265
2246,1633
3326,3639
356,3700
3377,2176
1993,867
701,618
1544,2546
162,803
3887,1400
3913,3584
1106,2709
114,743
602,1187
1553,2680
3415,2862
3415,1322
856,71
2019,3208
2019,967
463,3208
463,989
463,967
2127,3208
2127,967
3888,180
857,501
3104,564
1210,956
1041,15
971,739
595,1005
708,337
151,2460
376,472
2197,107
2197,537
397,537
3343,253
3538,155
2755,2043
418,1173
2952,2002
2283,3390
134,3390
396,600
968,854
1792,1912
3647,535
3481,997
3040,2122
3634,2619
1329,378
1393,3134
1393,1218
3167,1733
3802,267
752,509
1384,88
3566,3501
449,2160
1292,787
2225,289
2225,1592
1810,3688
483,2832
1404,3559
1404,1266
2379,3287
1580,290
544,1085
3457,1149
1444,1149
1447,198
2775,3428
1226,628
1226,1079
1226,114
478,3333
234,554
1225,738
207,1080
980,2721
2659,347
482,1451
3646,624
2004,1153
2004,1148
1357,1153
1357,1148
1924,732
1293,1607
1293,2481
1293,3564
1788,1249
1788,3359
618,2617
714,2939
2965,476
1933,2075
20,3179
2025,820
2941,1553
1879,95
3513,908
3559,1501
407,777
225,602
385,750
528,2528
519,2528
286,66
2475,923
2478,923
3374,481
3596,562
1054,465
1331,350
3520,982
122,3515
122,146
122,1144
1581,644
1581,1147
2132,239
2215,815
3702,1753
3751,1394
2456,892
1029,1308
256,2021
285,795
912,2971
1177,2128
3651,746
2231,605
2077,510
1496,420
47,2379
1537,629
3868,191
3530,625
3351,621
540,1081
304,26
304,969
304,220
2121,969
2121,220
298,581
1928,351
3473,745
3504,773
3504,2049
2409,773
2409,2049
2401,773
2401,2049
2164,2388
401,165
1498,423
56,557
425,1133
2347,3609
2595,711
1065,582
1531,1101
3024,1123
3024,488
3718,1123
3718,488
1152,2714
1825,847
1826,847
252,3432
717,428
2494,428
115,446
115,755
115,1470
115,1051
115,1045
115,930
3688,446
3688,755
3688,1470
3688,1051
3688,1045
3688,930
855,446
855,755
855,1470
855,1051
855,1045
855,930
3019,150
3019,265
1538,305
3405,246
2492,615
929,1204
3958,98
1759,2475
1760,1987
1760,2978
1662,1596
3736,221
2319,833
1678,649
164,649
999,171
3296,85
3227,85
3418,1083
3426,506
680,539
1375,968
1463,1842
2846,1030
2730,117
888,1866
888,2553
284,1678
2416,2304
3395,2901
920,2740
3796,2522
2819,3563
1006,3625
1262,1836
121,376
1913,3109
1915,3109
3043,695
3453,1579
203,1579
392,3325
392,1772
3391,194
1428,81
3521,1212
1279,1197
1730,2757
3370,2312
1345,2079
1763,2664
784,2375
1487,1503
938,161
3700,460
831,1948
3049,422
3878,852
3759,3444
2765,2483
3189,902
907,2549
1534,3140
3758,463
572,2011
1002,3296
2815,3520
2166,3354
2059,996
2059,103
2059,2303
2081,996
2081,103
2081,2303
2435,356
3161,1172
435,601
10,769
30,887
36,456
123,1107
131,1104
158,2541
206,2033
226,2411
233,207
254,427
255,3481
417,2869
429,8
575,258
600,2610
617,1457
622,168
658,176
669,584
756,3379
806,610
823,240
849,975
988,140
1044,2341
1096,2384
1161,728
1162,1131
1172,2482
1195,1710
1285,141
1296,3291
1342,3140
1353,2292
1478,2325
1457,2325
1675,1355
1686,1715
1739,1776
1787,1683
1787,2773
1836,592
1884,812
1920,2491
2001,937
2060,2109
2082,2109
2097,3111
2110,159
2264,1594
2269,1944
2289,2387
2308,1332
2328,238
2373,1665
2500,1690
2500,2100
2498,1690
2498,2100
2752,2771
2943,749
2958,1310
2958,2625
2999,2244
3004,1059
3030,1732
3058,2224
3105,1524
3299,1002
3327,2000
3335,726
3382,1106
3399,373
3429,1094
3430,1037
3456,2281
3463,1160
3539,825
3540,616
3554,806
3591,3060
3609,653
3654,452
3663,538
3665,346
3674,3417
3678,933
3743,34
3765,1140
3821,639
3852,3468
3900,758
3950,1376
3955,1268
